No,Household ID (anonymised),Type,District,Pregnant woman in household,Child under 5
1,HH-03-0001,New enrolment,Tolon,no,yes
2,HH-03-0002,Renewal,Kumbungu,yes,no
3,HH-03-0003,Renewal,Savelugu,yes,yes
4,HH-03-0004,New enrolment,Nanton,no,yes
5,HH-03-0005,New enrolment,Karaga,yes,yes
6,HH-03-0006,Renewal,Tolon,yes,yes
7,HH-03-0007,New enrolment,Kumbungu,no,yes
8,HH-03-0008,New enrolment,Savelugu,no,no
9,HH-03-0009,Renewal,Nanton,yes,no
10,HH-03-0010,New enrolment,Karaga,yes,yes
11,HH-03-0011,Renewal,Tolon,no,no
12,HH-03-0012,New enrolment,Kumbungu,no,no
13,HH-03-0013,New enrolment,Savelugu,yes,yes
14,HH-03-0014,Renewal,Nanton,yes,yes
15,HH-03-0015,Renewal,Karaga,no,yes
16,HH-03-0016,Renewal,Tolon,no,no
17,HH-03-0017,Renewal,Kumbungu,no,no
18,HH-03-0018,New enrolment,Savelugu,yes,no
19,HH-03-0019,Renewal,Nanton,no,no
20,HH-03-0020,Renewal,Karaga,no,yes
21,HH-03-0021,Renewal,Tolon,yes,no
22,HH-03-0022,Renewal,Kumbungu,no,yes
23,HH-03-0023,New enrolment,Savelugu,no,no
24,HH-03-0024,Renewal,Nanton,yes,no
25,HH-03-0025,Renewal,Karaga,yes,no
26,HH-03-0026,New enrolment,Tolon,yes,no
27,HH-03-0027,New enrolment,Kumbungu,no,yes
28,HH-03-0028,Renewal,Savelugu,no,yes
29,HH-03-0029,New enrolment,Nanton,yes,no
30,HH-03-0030,Renewal,Karaga,yes,yes
31,HH-03-0031,New enrolment,Tolon,no,yes
32,HH-03-0032,Renewal,Kumbungu,yes,yes
33,HH-03-0033,New enrolment,Savelugu,no,yes
34,HH-03-0034,Renewal,Nanton,yes,no
35,HH-03-0035,Renewal,Karaga,no,yes
36,HH-03-0036,Renewal,Tolon,yes,no
37,HH-03-0037,New enrolment,Kumbungu,no,yes
38,HH-03-0038,New enrolment,Savelugu,no,no
39,HH-03-0039,Renewal,Nanton,no,no
40,HH-03-0040,Renewal,Karaga,no,no
41,HH-03-0041,Renewal,Tolon,no,yes
42,HH-03-0042,New enrolment,Kumbungu,yes,no
43,HH-03-0043,Renewal,Savelugu,yes,yes
44,HH-03-0044,Renewal,Nanton,yes,yes
45,HH-03-0045,Renewal,Karaga,no,yes
46,HH-03-0046,Renewal,Tolon,no,no
47,HH-03-0047,New enrolment,Kumbungu,no,yes
48,HH-03-0048,Renewal,Savelugu,yes,no
49,HH-03-0049,Renewal,Nanton,no,no
50,HH-03-0050,Renewal,Karaga,no,no
51,HH-03-0051,Renewal,Tolon,no,no
52,HH-03-0052,Renewal,Kumbungu,yes,yes
53,HH-03-0053,Renewal,Savelugu,no,no
54,HH-03-0054,New enrolment,Nanton,yes,no
55,HH-03-0055,Renewal,Karaga,no,yes
56,HH-03-0056,New enrolment,Tolon,yes,no
57,HH-03-0057,Renewal,Kumbungu,no,no
58,HH-03-0058,Renewal,Savelugu,yes,yes
59,HH-03-0059,New enrolment,Nanton,no,yes
60,HH-03-0060,Renewal,Karaga,no,no
61,HH-03-0061,Renewal,Tolon,yes,yes
62,HH-03-0062,Renewal,Kumbungu,no,no
63,HH-03-0063,Renewal,Savelugu,no,yes
64,HH-03-0064,Renewal,Nanton,yes,yes
65,HH-03-0065,New enrolment,Karaga,no,no
66,HH-03-0066,New enrolment,Tolon,yes,yes
67,HH-03-0067,Renewal,Kumbungu,yes,no
68,HH-03-0068,New enrolment,Savelugu,yes,yes
69,HH-03-0069,Renewal,Nanton,yes,no
70,HH-03-0070,Renewal,Karaga,yes,no
71,HH-03-0071,Renewal,Tolon,no,no
72,HH-03-0072,New enrolment,Kumbungu,no,no
73,HH-03-0073,Renewal,Savelugu,yes,yes
74,HH-03-0074,Renewal,Nanton,no,yes
75,HH-03-0075,New enrolment,Karaga,yes,no
76,HH-03-0076,New enrolment,Tolon,yes,yes
77,HH-03-0077,Renewal,Kumbungu,no,no
78,HH-03-0078,New enrolment,Savelugu,yes,yes
79,HH-03-0079,New enrolment,Nanton,no,no
80,HH-03-0080,New enrolment,Karaga,no,no
81,HH-03-0081,New enrolment,Tolon,yes,yes
82,HH-03-0082,Renewal,Kumbungu,yes,no
83,HH-03-0083,New enrolment,Savelugu,no,yes
84,HH-03-0084,Renewal,Nanton,no,no
85,HH-03-0085,Renewal,Karaga,no,no
86,HH-03-0086,New enrolment,Tolon,yes,no
87,HH-03-0087,Renewal,Kumbungu,yes,yes
88,HH-03-0088,New enrolment,Savelugu,no,yes
89,HH-03-0089,New enrolment,Nanton,yes,yes
90,HH-03-0090,New enrolment,Karaga,no,no
91,HH-03-0091,Renewal,Tolon,no,no
92,HH-03-0092,Renewal,Kumbungu,yes,no
93,HH-03-0093,New enrolment,Savelugu,yes,yes
94,HH-03-0094,Renewal,Nanton,no,yes
95,HH-03-0095,Renewal,Karaga,yes,no
96,HH-03-0096,New enrolment,Tolon,yes,yes
97,HH-03-0097,Renewal,Kumbungu,no,no
98,HH-03-0098,Renewal,Savelugu,no,yes
99,HH-03-0099,Renewal,Nanton,no,yes
100,HH-03-0100,Renewal,Karaga,no,yes
101,HH-03-0101,Renewal,Tolon,no,yes
102,HH-03-0102,Renewal,Kumbungu,yes,yes
103,HH-03-0103,New enrolment,Savelugu,yes,yes
104,HH-03-0104,Renewal,Nanton,yes,yes
105,HH-03-0105,New enrolment,Karaga,no,no
106,HH-03-0106,Renewal,Tolon,yes,yes
107,HH-03-0107,Renewal,Kumbungu,yes,yes
108,HH-03-0108,Renewal,Savelugu,yes,yes
109,HH-03-0109,New enrolment,Nanton,yes,yes
110,HH-03-0110,New enrolment,Karaga,no,no
111,HH-03-0111,New enrolment,Tolon,yes,no
112,HH-03-0112,Renewal,Kumbungu,yes,no
113,HH-03-0113,New enrolment,Savelugu,yes,no
114,HH-03-0114,Renewal,Nanton,yes,no
115,HH-03-0115,New enrolment,Karaga,no,no
116,HH-03-0116,New enrolment,Tolon,yes,no
117,HH-03-0117,New enrolment,Kumbungu,yes,no
118,HH-03-0118,Renewal,Savelugu,yes,yes
119,HH-03-0119,New enrolment,Nanton,no,yes
120,HH-03-0120,New enrolment,Karaga,yes,no
121,HH-03-0121,Renewal,Tolon,no,yes
122,HH-03-0122,Renewal,Kumbungu,yes,yes
123,HH-03-0123,New enrolment,Savelugu,no,yes
124,HH-03-0124,New enrolment,Nanton,no,yes
125,HH-03-0125,New enrolment,Karaga,no,yes
126,HH-03-0126,Renewal,Tolon,no,yes
127,HH-03-0127,Renewal,Kumbungu,yes,yes
128,HH-03-0128,Renewal,Savelugu,no,no
129,HH-03-0129,New enrolment,Nanton,yes,yes
130,HH-03-0130,New enrolment,Karaga,yes,yes
131,HH-03-0131,New enrolment,Tolon,no,yes
132,HH-03-0132,New enrolment,Kumbungu,no,no
133,HH-03-0133,New enrolment,Savelugu,yes,no
134,HH-03-0134,New enrolment,Nanton,yes,no
135,HH-03-0135,Renewal,Karaga,no,no
136,HH-03-0136,Renewal,Tolon,yes,yes
137,HH-03-0137,Renewal,Kumbungu,yes,no
138,HH-03-0138,Renewal,Savelugu,no,no
139,HH-03-0139,Renewal,Nanton,yes,no
140,HH-03-0140,New enrolment,Karaga,yes,no
141,HH-03-0141,Renewal,Tolon,yes,no
142,HH-03-0142,Renewal,Kumbungu,yes,yes
143,HH-03-0143,New enrolment,Savelugu,yes,no
144,HH-03-0144,New enrolment,Nanton,no,no
145,HH-03-0145,New enrolment,Karaga,no,yes
146,HH-03-0146,Renewal,Tolon,yes,no
147,HH-03-0147,Renewal,Kumbungu,no,yes
148,HH-03-0148,Renewal,Savelugu,yes,no
149,HH-03-0149,Renewal,Nanton,yes,yes
150,HH-03-0150,New enrolment,Karaga,no,no
151,HH-03-0151,Renewal,Tolon,yes,no
152,HH-03-0152,Renewal,Kumbungu,yes,yes
153,HH-03-0153,New enrolment,Savelugu,no,no
154,HH-03-0154,New enrolment,Nanton,no,yes
155,HH-03-0155,New enrolment,Karaga,yes,yes
156,HH-03-0156,Renewal,Tolon,no,yes
157,HH-03-0157,Renewal,Kumbungu,no,yes
158,HH-03-0158,New enrolment,Savelugu,yes,yes
159,HH-03-0159,New enrolment,Nanton,no,yes
160,HH-03-0160,New enrolment,Karaga,no,yes
161,HH-03-0161,Renewal,Tolon,yes,yes
162,HH-03-0162,New enrolment,Kumbungu,no,no
163,HH-03-0163,New enrolment,Savelugu,no,no
164,HH-03-0164,New enrolment,Nanton,yes,yes
165,HH-03-0165,Renewal,Karaga,no,no
166,HH-03-0166,New enrolment,Tolon,yes,yes
167,HH-03-0167,Renewal,Kumbungu,yes,yes
168,HH-03-0168,Renewal,Savelugu,no,yes
169,HH-03-0169,New enrolment,Nanton,yes,no
170,HH-03-0170,Renewal,Karaga,no,yes
171,HH-03-0171,New enrolment,Tolon,yes,yes
172,HH-03-0172,New enrolment,Kumbungu,no,yes
173,HH-03-0173,New enrolment,Savelugu,yes,yes
174,HH-03-0174,New enrolment,Nanton,no,yes
175,HH-03-0175,New enrolment,Karaga,no,yes
176,HH-03-0176,Renewal,Tolon,no,yes
177,HH-03-0177,New enrolment,Kumbungu,yes,yes
178,HH-03-0178,Renewal,Savelugu,no,no
179,HH-03-0179,New enrolment,Nanton,no,no
180,HH-03-0180,New enrolment,Karaga,no,no
181,HH-03-0181,New enrolment,Tolon,no,yes
182,HH-03-0182,Renewal,Kumbungu,yes,no
183,HH-03-0183,Renewal,Savelugu,yes,yes
184,HH-03-0184,Renewal,Nanton,no,yes
185,HH-03-0185,New enrolment,Karaga,yes,yes
186,HH-03-0186,New enrolment,Tolon,yes,no
187,HH-03-0187,New enrolment,Kumbungu,no,no
188,HH-03-0188,Renewal,Savelugu,no,yes
189,HH-03-0189,New enrolment,Nanton,no,yes
190,HH-03-0190,Renewal,Karaga,yes,no
191,HH-03-0191,New enrolment,Tolon,yes,yes
192,HH-03-0192,Renewal,Kumbungu,no,no
193,HH-03-0193,New enrolment,Savelugu,no,no
194,HH-03-0194,New enrolment,Nanton,yes,yes
195,HH-03-0195,Renewal,Karaga,no,yes
196,HH-03-0196,Renewal,Tolon,no,yes
197,HH-03-0197,Renewal,Kumbungu,yes,no
198,HH-03-0198,New enrolment,Savelugu,yes,no
199,HH-03-0199,Renewal,Nanton,yes,yes
200,HH-03-0200,Renewal,Karaga,yes,no
201,HH-03-0201,Renewal,Tolon,yes,yes
202,HH-03-0202,New enrolment,Kumbungu,no,yes
203,HH-03-0203,New enrolment,Savelugu,no,yes
204,HH-03-0204,New enrolment,Nanton,no,yes
205,HH-03-0205,New enrolment,Karaga,yes,no
206,HH-03-0206,New enrolment,Tolon,no,no
207,HH-03-0207,Renewal,Kumbungu,yes,no
208,HH-03-0208,Renewal,Savelugu,yes,yes
209,HH-03-0209,Renewal,Nanton,yes,yes
210,HH-03-0210,Renewal,Karaga,yes,no
211,HH-03-0211,Renewal,Tolon,yes,no
212,HH-03-0212,Renewal,Kumbungu,no,yes
213,HH-03-0213,Renewal,Savelugu,no,no
214,HH-03-0214,New enrolment,Nanton,no,yes
215,HH-03-0215,New enrolment,Karaga,yes,yes
216,HH-03-0216,Renewal,Tolon,yes,yes
217,HH-03-0217,New enrolment,Kumbungu,no,no
218,HH-03-0218,New enrolment,Savelugu,yes,yes
219,HH-03-0219,New enrolment,Nanton,yes,no
220,HH-03-0220,New enrolment,Karaga,yes,yes
221,HH-03-0221,Renewal,Tolon,no,yes
222,HH-03-0222,Renewal,Kumbungu,yes,no
223,HH-03-0223,New enrolment,Savelugu,no,yes
224,HH-03-0224,New enrolment,Nanton,no,no
225,HH-03-0225,New enrolment,Karaga,yes,yes
226,HH-03-0226,New enrolment,Tolon,yes,yes
227,HH-03-0227,Renewal,Kumbungu,yes,no
228,HH-03-0228,Renewal,Savelugu,no,yes
229,HH-03-0229,Renewal,Nanton,no,no
230,HH-03-0230,New enrolment,Karaga,yes,no
231,HH-03-0231,New enrolment,Tolon,yes,yes
232,HH-03-0232,New enrolment,Kumbungu,yes,yes
233,HH-03-0233,Renewal,Savelugu,yes,no
234,HH-03-0234,New enrolment,Nanton,yes,yes
235,HH-03-0235,Renewal,Karaga,no,no
236,HH-03-0236,Renewal,Tolon,no,no
237,HH-03-0237,New enrolment,Kumbungu,yes,yes
238,HH-03-0238,Renewal,Savelugu,yes,no
239,HH-03-0239,New enrolment,Nanton,yes,yes
240,HH-03-0240,Renewal,Karaga,yes,no
241,HH-03-0241,New enrolment,Tolon,yes,yes
242,HH-03-0242,New enrolment,Kumbungu,yes,no
243,HH-03-0243,Renewal,Savelugu,yes,yes
244,HH-03-0244,New enrolment,Nanton,no,yes
245,HH-03-0245,New enrolment,Karaga,no,yes
246,HH-03-0246,New enrolment,Tolon,yes,yes
247,HH-03-0247,New enrolment,Kumbungu,no,no
248,HH-03-0248,New enrolment,Savelugu,no,no
249,HH-03-0249,Renewal,Nanton,no,yes
250,HH-03-0250,Renewal,Karaga,yes,yes
251,HH-03-0251,Renewal,Tolon,yes,no
252,HH-03-0252,Renewal,Kumbungu,no,no
253,HH-03-0253,Renewal,Savelugu,no,yes
254,HH-03-0254,Renewal,Nanton,no,yes
255,HH-03-0255,Renewal,Karaga,yes,yes
256,HH-03-0256,New enrolment,Tolon,no,no
257,HH-03-0257,Renewal,Kumbungu,no,yes
258,HH-03-0258,New enrolment,Savelugu,yes,no
259,HH-03-0259,Renewal,Nanton,yes,yes
260,HH-03-0260,Renewal,Karaga,no,no
261,HH-03-0261,New enrolment,Tolon,no,no
262,HH-03-0262,New enrolment,Kumbungu,no,no
263,HH-03-0263,New enrolment,Savelugu,no,yes
264,HH-03-0264,Renewal,Nanton,yes,yes
265,HH-03-0265,New enrolment,Karaga,yes,yes
266,HH-03-0266,New enrolment,Tolon,yes,yes
267,HH-03-0267,Renewal,Kumbungu,yes,no
268,HH-03-0268,New enrolment,Savelugu,yes,yes
269,HH-03-0269,Renewal,Nanton,no,yes
270,HH-03-0270,Renewal,Karaga,no,yes
271,HH-03-0271,New enrolment,Tolon,no,no
272,HH-03-0272,New enrolment,Kumbungu,yes,no
273,HH-03-0273,Renewal,Savelugu,yes,yes
274,HH-03-0274,New enrolment,Nanton,yes,no
275,HH-03-0275,New enrolment,Karaga,yes,no
276,HH-03-0276,Renewal,Tolon,yes,yes
277,HH-03-0277,New enrolment,Kumbungu,no,no
278,HH-03-0278,New enrolment,Savelugu,no,no
279,HH-03-0279,Renewal,Nanton,no,yes
280,HH-03-0280,Renewal,Karaga,yes,yes
281,HH-03-0281,Renewal,Tolon,no,no
282,HH-03-0282,New enrolment,Kumbungu,yes,yes
283,HH-03-0283,New enrolment,Savelugu,yes,yes
284,HH-03-0284,Renewal,Nanton,no,no
285,HH-03-0285,New enrolment,Karaga,no,no
286,HH-03-0286,Renewal,Tolon,yes,yes
287,HH-03-0287,New enrolment,Kumbungu,no,yes
288,HH-03-0288,New enrolment,Savelugu,no,no
289,HH-03-0289,New enrolment,Nanton,no,no
290,HH-03-0290,Renewal,Karaga,yes,yes
291,HH-03-0291,New enrolment,Tolon,no,no
292,HH-03-0292,Renewal,Kumbungu,yes,yes
293,HH-03-0293,Renewal,Savelugu,yes,yes
294,HH-03-0294,Renewal,Nanton,no,no
295,HH-03-0295,Renewal,Karaga,yes,no
296,HH-03-0296,New enrolment,Tolon,no,yes
297,HH-03-0297,New enrolment,Kumbungu,yes,yes
298,HH-03-0298,New enrolment,Savelugu,no,no
299,HH-03-0299,Renewal,Nanton,no,no
300,HH-03-0300,Renewal,Karaga,yes,no
301,HH-03-0301,Renewal,Tolon,yes,yes
302,HH-03-0302,Renewal,Kumbungu,no,no
303,HH-03-0303,Renewal,Savelugu,no,yes
304,HH-03-0304,New enrolment,Nanton,no,no
305,HH-03-0305,Renewal,Karaga,yes,no
306,HH-03-0306,Renewal,Tolon,no,yes
307,HH-03-0307,New enrolment,Kumbungu,yes,yes
308,HH-03-0308,Renewal,Savelugu,no,no
309,HH-03-0309,Renewal,Nanton,no,no
310,HH-03-0310,Renewal,Karaga,yes,no
311,HH-03-0311,New enrolment,Tolon,yes,yes
312,HH-03-0312,New enrolment,Kumbungu,yes,no
313,HH-03-0313,New enrolment,Savelugu,no,yes
314,HH-03-0314,New enrolment,Nanton,no,yes
315,HH-03-0315,Renewal,Karaga,no,yes
316,HH-03-0316,New enrolment,Tolon,yes,no
317,HH-03-0317,New enrolment,Kumbungu,yes,no
318,HH-03-0318,Renewal,Savelugu,yes,yes
319,HH-03-0319,New enrolment,Nanton,yes,yes
320,HH-03-0320,New enrolment,Karaga,yes,yes
321,HH-03-0321,New enrolment,Tolon,yes,yes
322,HH-03-0322,Renewal,Kumbungu,yes,yes
323,HH-03-0323,Renewal,Savelugu,yes,yes
324,HH-03-0324,Renewal,Nanton,no,no
325,HH-03-0325,Renewal,Karaga,yes,yes
326,HH-03-0326,Renewal,Tolon,yes,no
327,HH-03-0327,New enrolment,Kumbungu,no,yes
328,HH-03-0328,New enrolment,Savelugu,no,yes
329,HH-03-0329,Renewal,Nanton,no,yes
330,HH-03-0330,Renewal,Karaga,no,no
331,HH-03-0331,Renewal,Tolon,yes,no
332,HH-03-0332,New enrolment,Kumbungu,yes,yes
333,HH-03-0333,New enrolment,Savelugu,no,no
334,HH-03-0334,Renewal,Nanton,yes,yes
335,HH-03-0335,New enrolment,Karaga,yes,no
336,HH-03-0336,Renewal,Tolon,no,no
337,HH-03-0337,Renewal,Kumbungu,yes,no
338,HH-03-0338,New enrolment,Savelugu,yes,no
339,HH-03-0339,Renewal,Nanton,no,no
340,HH-03-0340,New enrolment,Karaga,yes,yes
341,HH-03-0341,Renewal,Tolon,no,yes
342,HH-03-0342,New enrolment,Kumbungu,no,yes
343,HH-03-0343,New enrolment,Savelugu,yes,yes
344,HH-03-0344,New enrolment,Nanton,yes,no
345,HH-03-0345,Renewal,Karaga,no,yes
346,HH-03-0346,Renewal,Tolon,no,yes
347,HH-03-0347,New enrolment,Kumbungu,no,yes
348,HH-03-0348,New enrolment,Savelugu,yes,yes
349,HH-03-0349,Renewal,Nanton,no,yes
350,HH-03-0350,Renewal,Karaga,yes,no
351,HH-03-0351,Renewal,Tolon,no,yes
352,HH-03-0352,Renewal,Kumbungu,no,yes
353,HH-03-0353,New enrolment,Savelugu,no,yes
354,HH-03-0354,New enrolment,Nanton,yes,no
355,HH-03-0355,Renewal,Karaga,no,no
356,HH-03-0356,Renewal,Tolon,no,no
357,HH-03-0357,Renewal,Kumbungu,no,no
358,HH-03-0358,New enrolment,Savelugu,no,no
359,HH-03-0359,Renewal,Nanton,no,yes
360,HH-03-0360,Renewal,Karaga,yes,no
361,HH-03-0361,New enrolment,Tolon,yes,no
362,HH-03-0362,Renewal,Kumbungu,yes,yes
363,HH-03-0363,Renewal,Savelugu,no,yes
364,HH-03-0364,Renewal,Nanton,no,no
365,HH-03-0365,Renewal,Karaga,no,yes
366,HH-03-0366,Renewal,Tolon,no,yes
367,HH-03-0367,Renewal,Kumbungu,no,yes
368,HH-03-0368,Renewal,Savelugu,yes,no
369,HH-03-0369,Renewal,Nanton,yes,yes
370,HH-03-0370,New enrolment,Karaga,yes,no
371,HH-03-0371,Renewal,Tolon,yes,no
372,HH-03-0372,New enrolment,Kumbungu,no,yes
373,HH-03-0373,New enrolment,Savelugu,no,no
374,HH-03-0374,Renewal,Nanton,no,yes
375,HH-03-0375,Renewal,Karaga,yes,no
376,HH-03-0376,Renewal,Tolon,yes,yes
377,HH-03-0377,New enrolment,Kumbungu,yes,yes
378,HH-03-0378,Renewal,Savelugu,no,no
379,HH-03-0379,Renewal,Nanton,no,no
380,HH-03-0380,New enrolment,Karaga,no,yes
381,HH-03-0381,New enrolment,Tolon,yes,yes
382,HH-03-0382,Renewal,Kumbungu,yes,no
383,HH-03-0383,Renewal,Savelugu,yes,no
384,HH-03-0384,New enrolment,Nanton,yes,no
385,HH-03-0385,New enrolment,Karaga,yes,yes
386,HH-03-0386,Renewal,Tolon,yes,no
387,HH-03-0387,Renewal,Kumbungu,yes,no
388,HH-03-0388,Renewal,Savelugu,no,yes
389,HH-03-0389,Renewal,Nanton,no,yes
390,HH-03-0390,New enrolment,Karaga,no,yes
391,HH-03-0391,New enrolment,Tolon,no,yes
392,HH-03-0392,New enrolment,Kumbungu,yes,yes
393,HH-03-0393,New enrolment,Savelugu,yes,yes
394,HH-03-0394,New enrolment,Nanton,no,yes
395,HH-03-0395,New enrolment,Karaga,yes,yes
396,HH-03-0396,New enrolment,Tolon,no,yes
397,HH-03-0397,New enrolment,Kumbungu,no,yes
398,HH-03-0398,Renewal,Savelugu,yes,no
399,HH-03-0399,New enrolment,Nanton,yes,no
400,HH-03-0400,Renewal,Karaga,no,yes
401,HH-03-0401,Renewal,Tolon,no,yes
402,HH-03-0402,Renewal,Kumbungu,yes,yes
403,HH-03-0403,Renewal,Savelugu,no,yes
404,HH-03-0404,Renewal,Nanton,yes,yes
405,HH-03-0405,Renewal,Karaga,yes,yes
406,HH-03-0406,Renewal,Tolon,yes,yes
407,HH-03-0407,New enrolment,Kumbungu,yes,no
408,HH-03-0408,New enrolment,Savelugu,yes,no
409,HH-03-0409,New enrolment,Nanton,yes,no
410,HH-03-0410,New enrolment,Karaga,yes,no
411,HH-03-0411,Renewal,Tolon,yes,no
412,HH-03-0412,New enrolment,Kumbungu,yes,yes
413,HH-03-0413,New enrolment,Savelugu,yes,yes
414,HH-03-0414,New enrolment,Nanton,yes,yes
415,HH-03-0415,Renewal,Karaga,no,no
416,HH-03-0416,Renewal,Tolon,yes,no
417,HH-03-0417,New enrolment,Kumbungu,no,no
418,HH-03-0418,Renewal,Savelugu,no,yes
419,HH-03-0419,New enrolment,Nanton,no,no
420,HH-03-0420,Renewal,Karaga,yes,no
421,HH-03-0421,New enrolment,Tolon,no,yes
422,HH-03-0422,New enrolment,Kumbungu,no,no
423,HH-03-0423,New enrolment,Savelugu,no,no
424,HH-03-0424,Renewal,Nanton,no,yes
425,HH-03-0425,Renewal,Karaga,no,no
426,HH-03-0426,Renewal,Tolon,no,yes
427,HH-03-0427,New enrolment,Kumbungu,no,no
428,HH-03-0428,New enrolment,Savelugu,no,no
429,HH-03-0429,New enrolment,Nanton,yes,yes
430,HH-03-0430,New enrolment,Karaga,no,no
431,HH-03-0431,Renewal,Tolon,yes,yes
432,HH-03-0432,Renewal,Kumbungu,yes,no
433,HH-03-0433,New enrolment,Savelugu,yes,yes
434,HH-03-0434,New enrolment,Nanton,yes,no
435,HH-03-0435,New enrolment,Karaga,yes,no
436,HH-03-0436,Renewal,Tolon,no,yes
437,HH-03-0437,New enrolment,Kumbungu,no,no
438,HH-03-0438,Renewal,Savelugu,yes,yes
439,HH-03-0439,Renewal,Nanton,yes,no
440,HH-03-0440,New enrolment,Karaga,yes,yes
441,HH-03-0441,New enrolment,Tolon,yes,no
442,HH-03-0442,Renewal,Kumbungu,yes,no
443,HH-03-0443,Renewal,Savelugu,no,no
444,HH-03-0444,New enrolment,Nanton,yes,no
445,HH-03-0445,Renewal,Karaga,yes,yes
446,HH-03-0446,New enrolment,Tolon,no,yes
447,HH-03-0447,New enrolment,Kumbungu,no,no
448,HH-03-0448,New enrolment,Savelugu,no,no
449,HH-03-0449,Renewal,Nanton,no,no
450,HH-03-0450,Renewal,Karaga,no,yes
