No,Name,Sex,Cadre/Role,Facility/Community,District,Signature
1,Sulemana Wumbei,F,Midwife,Diare CHPS compound,Kumbungu District,signed
2,Abu Fuseini,F,Midwife,Diare CHPS compound,Kumbungu District,signed
3,Issah Yakubu,F,Disease Control Officer,Diare CHPS compound,Kumbungu District,signed
4,Hawa Alhassan,F,Medical Assistant,Diare CHPS compound,Kumbungu District,signed
5,Fati Napari,F,Enrolled Nurse,Diare CHPS compound,Kumbungu District,signed
6,Mohammed Tia,F,Medical Assistant,Diare CHPS compound,Kumbungu District,signed
7,Abdul Seidu,F,Medical Assistant,Diare CHPS compound,Kumbungu District,signed
8,Salamatu Wumbei,F,Midwife,Diare CHPS compound,Kumbungu District,signed
9,Baba Yakubu,F,Disease Control Officer,Diare CHPS compound,Kumbungu District,signed
10,Mohammed Dauda,F,Community Health Officer,Diare CHPS compound,Kumbungu District,signed
11,Baba Fuseini,F,Midwife,Diare CHPS compound,Kumbungu District,signed
12,Baba Yakubu,F,Medical Assistant,Diare CHPS compound,Kumbungu District,signed
13,Hawa Issahaku,F,Midwife,Diare CHPS compound,Kumbungu District,signed
14,Memunatu Seidu,F,Enrolled Nurse,Diare CHPS compound,Kumbungu District,signed
15,Mohammed Wumbei,F,Disease Control Officer,Diare CHPS compound,Kumbungu District,signed
16,Issah Mahama,F,Enrolled Nurse,Diare CHPS compound,Kumbungu District,signed
17,Issah Abdulai,F,Disease Control Officer,Diare CHPS compound,Kumbungu District,signed
18,Fuseini Alhassan,F,Disease Control Officer,Diare CHPS compound,Kumbungu District,signed
19,Mohammed Seidu,F,Community Health Officer,Diare CHPS compound,Kumbungu District,signed
20,Sanatu Abdulai,F,Enrolled Nurse,Diare CHPS compound,Kumbungu District,signed
21,Rahinatu Mahama,F,Disease Control Officer,Diare CHPS compound,Kumbungu District,signed
22,Yakubu Mahama,F,Community Health Officer,Diare CHPS compound,Kumbungu District,signed
23,Fuseini Abdulai,F,Disease Control Officer,Diare CHPS compound,Kumbungu District,signed
24,Yakubu Wumbei,F,Community Health Officer,Diare CHPS compound,Kumbungu District,signed
25,Yakubu Fuseini,F,Community Health Officer,Diare CHPS compound,Kumbungu District,signed
26,Ayishetu Dauda,F,Disease Control Officer,Diare CHPS compound,Kumbungu District,signed
27,Adiza Fuseini,F,Enrolled Nurse,Diare CHPS compound,Kumbungu District,signed
28,Fuseini Dauda,F,Enrolled Nurse,Diare CHPS compound,Kumbungu District,signed
29,Sanatu Alhassan,F,Disease Control Officer,Diare CHPS compound,Kumbungu District,signed
30,Mariam Fuseini,F,Disease Control Officer,Diare CHPS compound,Kumbungu District,signed
31,Adiza Yakubu,M,Midwife,Diare CHPS compound,Kumbungu District,signed
32,Sanatu Tia,M,Midwife,Diare CHPS compound,Kumbungu District,signed
33,Mariam Issahaku,M,Enrolled Nurse,Diare CHPS compound,Kumbungu District,signed
34,Abdul Alhassan,M,Disease Control Officer,Diare CHPS compound,Kumbungu District,signed
35,Adiza Alhassan,M,Community Health Officer,Diare CHPS compound,Kumbungu District,signed
36,Fati Yakubu,M,Midwife,Diare CHPS compound,Kumbungu District,signed
37,Zuweira Issahaku,M,Enrolled Nurse,Diare CHPS compound,Kumbungu District,signed
38,Mariam Napari,M,Community Health Officer,Diare CHPS compound,Kumbungu District,signed
39,Fati Mahama,M,Midwife,Diare CHPS compound,Kumbungu District,signed
40,Ayishetu Abdulai,M,Enrolled Nurse,Diare CHPS compound,Kumbungu District,signed
41,Fuseini Iddrisu,M,Enrolled Nurse,Diare CHPS compound,Kumbungu District,signed
42,Abdul Alhassan,M,Community Health Officer,Diare CHPS compound,Kumbungu District,signed
43,Baba Fuseini,M,Disease Control Officer,Diare CHPS compound,Kumbungu District,signed
44,Mariam Mahama,M,Disease Control Officer,Diare CHPS compound,Kumbungu District,signed
45,Iddrisu Alhassan,M,Enrolled Nurse,Diare CHPS compound,Kumbungu District,signed
46,Fuseini Dauda,M,Midwife,Diare CHPS compound,Kumbungu District,signed
47,Baba Napari,M,Disease Control Officer,Diare CHPS compound,Kumbungu District,signed
48,Sanatu Dauda,M,Enrolled Nurse,Diare CHPS compound,Kumbungu District,signed
49,Abdul Dauda,M,Midwife,Diare CHPS compound,Kumbungu District,signed
50,Rahinatu Alhassan,M,Disease Control Officer,Diare CHPS compound,Kumbungu District,signed
