Clinic,Community,District,Date,ANC visits,Penta doses,Postnatal checks,Children weighed
1,Community-1,Tolon,2026-06-01,13,6,12,60
2,Community-2,Kumbungu,2026-06-02,21,8,8,38
3,Community-3,Savelugu,2026-06-03,11,15,10,23
4,Community-4,Nanton,2026-06-04,25,7,6,23
5,Community-5,Karaga,2026-06-05,25,17,9,56
6,Community-6,Tolon,2026-06-06,24,9,4,52
7,Community-7,Kumbungu,2026-06-07,19,17,3,40
8,Community-8,Savelugu,2026-06-08,11,5,4,59
9,Community-9,Nanton,2026-06-09,23,15,9,57
10,Community-10,Karaga,2026-06-10,8,12,12,26
11,Community-11,Tolon,2026-06-11,12,7,5,51
12,Community-12,Kumbungu,2026-06-12,8,17,4,46
13,Community-13,Savelugu,2026-06-13,17,15,5,35
14,Community-14,Nanton,2026-06-14,12,6,3,39
15,Community-15,Karaga,2026-06-15,14,5,6,46
16,Community-16,Tolon,2026-06-16,22,15,8,49
17,Community-17,Kumbungu,2026-06-17,13,12,3,36
18,Community-1,Savelugu,2026-06-18,19,9,12,24
19,Community-2,Nanton,2026-06-19,18,16,4,46
20,Community-3,Karaga,2026-06-20,8,13,6,41
21,Community-4,Tolon,2026-06-21,13,15,3,31
22,Community-5,Kumbungu,2026-06-22,20,11,4,52
23,Community-6,Savelugu,2026-06-23,9,17,10,21
24,Community-7,Nanton,2026-06-24,25,22,10,40
25,Community-8,Karaga,2026-06-25,15,13,12,49
26,Community-9,Tolon,2026-06-26,9,22,11,28
27,Community-10,Kumbungu,2026-06-27,26,8,6,57
28,Community-11,Savelugu,2026-06-01,17,6,3,37
29,Community-12,Nanton,2026-06-02,17,11,9,36
30,Community-13,Karaga,2026-06-03,25,11,6,36
31,Community-14,Tolon,2026-06-04,23,6,8,46
