Title,Severity,Status,Resolution Notes
Final report sign-off obtained,CRITICAL,RESOLVED,Attested by the project manager at close-out: sensitive file (maternal death summary) is marked highly sensitive and excluded from exports; procurement register uploaded; report content reviewed section by section; environmental mitigation reported in section 6; submission planned within 30 days of the end date; unsupported-claim item refers to superseded wording.
Sensitive data handling confirmed,HIGH,RESOLVED,Attested by the project manager at close-out: sensitive file (maternal death summary) is marked highly sensitive and excluded from exports; procurement register uploaded; report content reviewed section by section; environmental mitigation reported in section 6; submission planned within 30 days of the end date; unsupported-claim item refers to superseded wording.
Final procurement and expenditure records available,HIGH,RESOLVED,Attested by the project manager at close-out: sensitive file (maternal death summary) is marked highly sensitive and excluded from exports; procurement register uploaded; report content reviewed section by section; environmental mitigation reported in section 6; submission planned within 30 days of the end date; unsupported-claim item refers to superseded wording.
No activity updates submitted for this period,HIGH,RESOLVED,Closed automatically: activity updates have been submitted.
Submit the ACR within 30 days of the end date.,HIGH,RESOLVED,Attested by the project manager at close-out: sensitive file (maternal death summary) is marked highly sensitive and excluded from exports; procurement register uploaded; report content reviewed section by section; environmental mitigation reported in section 6; submission planned within 30 days of the end date; unsupported-claim item refers to superseded wording.
"Unsupported claim: 72061526CA00012), implemented by GEC with partner Lodwar Community Health Allian",HIGH,RESOLVED,"Closed automatically: this statement was rewritten, decided on, or now passes verification."
"Unsupported claim: Results were disaggregated by sex and, where relevant, age, and the Activity con",HIGH,RESOLVED,"Closed automatically: this statement was rewritten, decided on, or now passes verification."
Unsupported claim: Outreach session logs from the monthly immunization activities (evidence ids 4cf,HIGH,RESOLVED,"Closed automatically: this statement was rewritten, decided on, or now passes verification."
Unsupported claim: Some count targets were slightly missed — for example immunization and first ant,HIGH,RESOLVED,"Closed automatically: this statement was rewritten, decided on, or now passes verification."
"Unsupported claim: DTP3/Penta3 coverage closed at 81% against an 80% target, up from 62.",HIGH,RESOLVED,"Closed automatically: this statement was rewritten, decided on, or now passes verification."
"Unsupported claim: Of the 17500 people reached with community health education, 10850 were female a",HIGH,RESOLVED,"Closed automatically: this statement was rewritten, decided on, or now passes verification."
"Unsupported claim: The March CHV training recorded 26 women and 14 men, and the August cohort recor",HIGH,RESOLVED,"Closed automatically: this statement was rewritten, decided on, or now passes verification."
Unsupported claim: The officer's close-out observation records that handover ran more smoothly beca,HIGH,RESOLVED,"Closed automatically: this statement was rewritten, decided on, or now passes verification."
Unsupported claim: Some count targets were slightly missed — for example immunization and first ant,HIGH,RESOLVED,"Closed automatically: this statement was rewritten, decided on, or now passes verification."
"Unsupported claim: Earlier, some CHVs missed training sessions because of livestock movements and l",HIGH,RESOLVED,"Closed automatically: this statement was rewritten, decided on, or now passes verification."
Unsupported claim: Procurement approvals under USAID rules required three quotations and took three,HIGH,RESOLVED,"Closed automatically: this statement was rewritten, decided on, or now passes verification."
"Unsupported claim: Spending stayed within a narrow margin of plan on every budget line, and no line",HIGH,RESOLVED,"Closed automatically: this statement was rewritten, decided on, or now passes verification."
Unsupported claim: The delivery described in 'Final Performance Against Indicators' and 'Key Achiev,HIGH,RESOLVED,"Closed automatically: this statement was rewritten, decided on, or now passes verification."
"Unsupported claim: No budget line recorded a variance above ten percent, so no line-level variance ",HIGH,RESOLVED,"Closed automatically: this statement was rewritten, decided on, or now passes verification."
"Unsupported claim: Some count targets were missed because of the floods, the nurses' strike and the",HIGH,RESOLVED,"Closed automatically: this statement was rewritten, decided on, or now passes verification."
"Unsupported claim: Some count targets were slightly missed, for example first antenatal visits, bec",HIGH,RESOLVED,"Closed automatically: this statement was rewritten, decided on, or now passes verification."
Unsupported claim: Cold-chain failures at two facilities in June and a national Penta vaccine stock,HIGH,RESOLVED,"Closed automatically: this statement was rewritten, decided on, or now passes verification."
Beneficiary data disaggregated,MEDIUM,RESOLVED,Closed automatically: every indicator that needs a breakdown has one.
AI-generated content reviewed,MEDIUM,RESOLVED,Attested by the project manager at close-out: sensitive file (maternal death summary) is marked highly sensitive and excluded from exports; procurement register uploaded; report content reviewed section by section; environmental mitigation reported in section 6; submission planned within 30 days of the end date; unsupported-claim item refers to superseded wording.
Financial figures entered,MEDIUM,RESOLVED,Closed automatically: the financial figures are verified.
Report final status of environmental mitigation under the IEE.,MEDIUM,RESOLVED,Attested by the project manager at close-out: sensitive file (maternal death summary) is marked highly sensitive and excluded from exports; procurement register uploaded; report content reviewed section by section; environmental mitigation reported in section 6; submission planned within 30 days of the end date; unsupported-claim item refers to superseded wording.
Confirm that USAID branding and marking requirements were met throughout the Activity.,MEDIUM,RESOLVED,Attested by the project manager at close-out: sensitive file (maternal death summary) is marked highly sensitive and excluded from exports; procurement register uploaded; report content reviewed section by section; environmental mitigation reported in section 6; submission planned within 30 days of the end date; unsupported-claim item refers to superseded wording.