Level,Code,Title,Description
Goal,G1,"Reduced maternal and child mortality and improved health outcomes of women and children in Northern Ghana","Contribution to Global Gateway human development priorities and SDG 3"
Outcome,O1,"Increased use of quality maternal, newborn and child health (MNCH) services in 40 facilities in 5 districts","Specific objective 1"
Outcome,O2,"Strengthened district health governance, data use and health financing","Specific objective 2"
Output,1.1,"Health workers (CHOs, midwives, nurses) competent in EmONC, IMNCI and essential newborn care","Clinical training and mentoring"
Output,1.2,"Facilities equipped for safe delivery and cold chain","Delivery kits and solar vaccine fridges"
Output,1.3,"Community health volunteers (CHVs) trained and active in case finding and referral","CHV training and refreshers"
Output,1.4,"Outreach clinics delivered in hard-to-reach communities","Integrated outreach"
Output,1.5,"Women reached with community education on ANC, delivery and danger signs","Community sessions"
Output,2.1,"DHMT staff competent in data use (DHIMS2 and scorecards)","Data-use training"
Output,2.2,"Supportive supervision delivered to facilities","Supervision visits"
Output,2.3,"Quarterly district scorecards produced and reviewed","Review meetings"
Output,2.4,"Households helped to enrol or renew NHIS membership","NHIS enrolment drives"
Output,2.5,"Facility managers trained in respectful maternity care","Cross-cutting: gender and rights"
Activity,A1.1,"Deliver EmONC, IMNCI and essential newborn care training and on-site mentoring",""
Activity,A1.2,"Procure, deliver and install delivery kits and solar vaccine fridges",""
Activity,A1.3,"Train and refresh community health volunteers",""
Activity,A1.4,"Run integrated outreach clinics in hard-to-reach communities",""
Activity,A1.5,"Hold community education sessions on ANC, delivery and danger signs",""
Activity,A2.1,"Train DHMT staff in DHIMS2 and scorecard use",""
Activity,A2.2,"Conduct supportive supervision visits to facilities",""
Activity,A2.3,"Hold quarterly district scorecard review meetings",""
Activity,A2.4,"Run NHIS enrolment and renewal drives",""
Activity,A2.5,"Train facility managers in respectful maternity care",""
