session_id,date,site,team,children_vaccinated
OS-01-001,2026-03-01,Kanamkemer outreach site 1,Vaccinator + CHV pair,24
OS-01-002,2026-03-02,Nakwamekwi outreach site 2,Vaccinator + CHV pair,10
OS-01-003,2026-03-03,Lodwar outreach site 3,Vaccinator + CHV pair,9
OS-01-004,2026-03-04,Kalokol outreach site 1,Vaccinator + CHV pair,9
OS-01-005,2026-03-05,Lowarengak outreach site 2,Vaccinator + CHV pair,14
OS-01-006,2026-03-06,Kerio outreach site 3,Vaccinator + CHV pair,15
OS-01-007,2026-03-07,Katilu outreach site 1,Vaccinator + CHV pair,27
OS-01-008,2026-03-08,Lokori outreach site 2,Vaccinator + CHV pair,8
OS-01-009,2026-03-09,Lokichar outreach site 3,Vaccinator + CHV pair,22
OS-01-010,2026-03-10,Kainuk outreach site 1,Vaccinator + CHV pair,18
OS-01-011,2026-03-11,Lorugum outreach site 2,Vaccinator + CHV pair,22
OS-01-012,2026-03-12,Napuu outreach site 3,Vaccinator + CHV pair,26
OS-01-013,2026-03-13,Lokitaung outreach site 1,Vaccinator + CHV pair,14
OS-01-014,2026-03-14,Kakuma outreach site 2,Vaccinator + CHV pair,24
OS-01-015,2026-03-15,Kanamkemer outreach site 3,Vaccinator + CHV pair,15
OS-01-016,2026-03-16,Nakwamekwi outreach site 1,Vaccinator + CHV pair,28
OS-01-017,2026-03-17,Lodwar outreach site 2,Vaccinator + CHV pair,17
OS-01-018,2026-03-18,Kalokol outreach site 3,Vaccinator + CHV pair,23
