chv_id,sex,community_health_unit,kit_received,signed
CHV-04-001,F,CHU-01,yes,yes
CHV-04-002,F,CHU-02,yes,yes
CHV-04-003,F,CHU-03,yes,yes
CHV-04-004,F,CHU-04,yes,yes
CHV-04-005,F,CHU-05,yes,yes
CHV-04-006,F,CHU-06,yes,yes
CHV-04-007,F,CHU-07,yes,yes
CHV-04-008,F,CHU-08,yes,yes
CHV-04-009,F,CHU-09,yes,yes
CHV-04-010,F,CHU-10,yes,yes
CHV-04-011,F,CHU-11,yes,yes
CHV-04-012,F,CHU-12,yes,yes
CHV-04-013,F,CHU-13,yes,yes
CHV-04-014,F,CHU-14,yes,yes
CHV-04-015,F,CHU-01,yes,yes
CHV-04-016,F,CHU-02,yes,yes
CHV-04-017,F,CHU-03,yes,yes
CHV-04-018,F,CHU-04,yes,yes
CHV-04-019,F,CHU-05,yes,yes
CHV-04-020,F,CHU-06,yes,yes
CHV-04-021,F,CHU-07,yes,yes
CHV-04-022,F,CHU-08,yes,yes
CHV-04-023,F,CHU-09,yes,yes
CHV-04-024,F,CHU-10,yes,yes
CHV-04-025,F,CHU-11,yes,yes
CHV-04-026,F,CHU-12,yes,yes
CHV-04-027,M,CHU-13,yes,yes
CHV-04-028,M,CHU-14,yes,yes
CHV-04-029,M,CHU-01,yes,yes
CHV-04-030,M,CHU-02,yes,yes
CHV-04-031,M,CHU-03,yes,yes
CHV-04-032,M,CHU-04,yes,yes
CHV-04-033,M,CHU-05,yes,yes
CHV-04-034,M,CHU-06,yes,yes
CHV-04-035,M,CHU-07,yes,yes
CHV-04-036,M,CHU-08,yes,yes
CHV-04-037,M,CHU-09,yes,yes
CHV-04-038,M,CHU-10,yes,yes
CHV-04-039,M,CHU-11,yes,yes
CHV-04-040,M,CHU-12,yes,yes
