session,date,venue,women_girls,men_boys,total
1,2026-07-16,Napuu Dispensary catchment area community session 1,131,81,212
2,2026-07-16,Napuu Dispensary catchment area community session 2,131,81,212
3,2026-07-16,Napuu Dispensary catchment area community session 3,131,81,212
4,2026-07-16,Napuu Dispensary catchment area community session 4,131,81,212
5,2026-07-16,Napuu Dispensary catchment area community session 5,131,81,212
6,2026-07-16,Napuu Dispensary catchment area community session 6,131,81,212
7,2026-07-16,Napuu Dispensary catchment area community session 7,131,81,212
8,2026-07-16,Napuu Dispensary catchment area community session 8,131,81,212
9,2026-07-16,Napuu Dispensary catchment area community session 9,131,81,212
10,2026-07-16,Napuu Dispensary catchment area community session 10,131,81,212
11,2026-07-16,Napuu Dispensary catchment area community session 11,131,81,212
12,2026-07-16,Napuu Dispensary catchment area community session 12,131,81,212
13,2026-07-16,Napuu Dispensary catchment area community session 13,131,81,212
14,2026-07-16,Napuu Dispensary catchment area community session 14,131,81,212
15,2026-07-16,Napuu Dispensary catchment area community session 15,131,81,212
16,2026-07-16,Napuu Dispensary catchment area community session 16,136,84,220
