slip_id,date,chu,muac_cm,status,cmam_site
RS-06-001,2026-08-23,CHU-01,11.1,SAM,Kanamkemer HC
RS-06-002,2026-08-23,CHU-02,11.0,MAM,Nakwamekwi Disp
RS-06-003,2026-08-23,CHU-03,11.4,MAM,Lodwar SCH
RS-06-004,2026-08-23,CHU-04,10.8,SAM,Kalokol HC
RS-06-005,2026-08-23,CHU-05,10.8,MAM,Lowarengak Disp
RS-06-006,2026-08-23,CHU-06,11.0,SAM,Kerio HC
RS-06-007,2026-08-23,CHU-07,11.1,MAM,Katilu HC
RS-06-008,2026-08-23,CHU-08,11.4,SAM,Lokori HC
RS-06-009,2026-08-23,CHU-09,11.3,SAM,Lokichar HC
RS-06-010,2026-08-23,CHU-10,11.3,SAM,Kainuk Disp
RS-06-011,2026-08-23,CHU-11,11.3,SAM,Lorugum HC
RS-06-012,2026-08-23,CHU-12,10.8,MAM,Napuu Disp
RS-06-013,2026-08-23,CHU-13,11.4,MAM,Lokitaung HC
RS-06-014,2026-08-23,CHU-14,11.4,SAM,Kakuma Mission HC
RS-06-015,2026-08-23,CHU-01,11.3,MAM,Kanamkemer HC
RS-06-016,2026-08-23,CHU-02,11.1,SAM,Nakwamekwi Disp
RS-06-017,2026-08-23,CHU-03,10.8,MAM,Lodwar SCH
RS-06-018,2026-08-23,CHU-04,10.8,MAM,Kalokol HC
RS-06-019,2026-08-23,CHU-05,11.3,MAM,Lowarengak Disp
RS-06-020,2026-08-23,CHU-06,11.3,MAM,Kerio HC
RS-06-021,2026-08-23,CHU-07,11.0,MAM,Katilu HC
RS-06-022,2026-08-23,CHU-08,11.0,SAM,Lokori HC
RS-06-023,2026-08-23,CHU-09,11.3,MAM,Lokichar HC
RS-06-024,2026-08-23,CHU-10,10.8,SAM,Kainuk Disp
RS-06-025,2026-08-23,CHU-11,11.3,MAM,Lorugum HC
RS-06-026,2026-08-23,CHU-12,11.4,SAM,Napuu Disp
RS-06-027,2026-08-23,CHU-13,11.0,MAM,Lokitaung HC
RS-06-028,2026-08-23,CHU-14,11.1,SAM,Kakuma Mission HC
RS-06-029,2026-08-23,CHU-01,11.1,MAM,Kanamkemer HC
RS-06-030,2026-08-23,CHU-02,11.0,SAM,Nakwamekwi Disp
RS-06-031,2026-08-23,CHU-03,10.8,MAM,Lodwar SCH
RS-06-032,2026-08-23,CHU-04,10.8,MAM,Kalokol HC
RS-06-033,2026-08-23,CHU-05,11.3,MAM,Lowarengak Disp
RS-06-034,2026-08-23,CHU-06,11.4,MAM,Kerio HC
RS-06-035,2026-08-23,CHU-07,11.0,MAM,Katilu HC
RS-06-036,2026-08-23,CHU-08,11.4,MAM,Lokori HC
RS-06-037,2026-08-23,CHU-09,10.8,SAM,Lokichar HC
RS-06-038,2026-08-23,CHU-10,11.0,MAM,Kainuk Disp
RS-06-039,2026-08-23,CHU-11,10.8,MAM,Lorugum HC
RS-06-040,2026-08-23,CHU-12,11.0,MAM,Napuu Disp
RS-06-041,2026-08-23,CHU-13,11.0,MAM,Lokitaung HC
RS-06-042,2026-08-23,CHU-14,11.0,MAM,Kakuma Mission HC
RS-06-043,2026-08-23,CHU-01,11.3,MAM,Kanamkemer HC
RS-06-044,2026-08-23,CHU-02,11.3,MAM,Nakwamekwi Disp
RS-06-045,2026-08-23,CHU-03,11.1,SAM,Lodwar SCH
RS-06-046,2026-08-23,CHU-04,11.1,MAM,Kalokol HC
RS-06-047,2026-08-23,CHU-05,11.0,MAM,Lowarengak Disp
RS-06-048,2026-08-23,CHU-06,11.0,MAM,Kerio HC
RS-06-049,2026-08-23,CHU-07,11.0,MAM,Katilu HC
RS-06-050,2026-08-23,CHU-08,11.0,MAM,Lokori HC
RS-06-051,2026-08-23,CHU-09,10.8,MAM,Lokichar HC
RS-06-052,2026-08-23,CHU-10,10.8,MAM,Kainuk Disp
RS-06-053,2026-08-23,CHU-11,11.1,SAM,Lorugum HC
RS-06-054,2026-08-23,CHU-12,11.1,SAM,Napuu Disp
RS-06-055,2026-08-23,CHU-13,10.8,MAM,Lokitaung HC
RS-06-056,2026-08-23,CHU-14,11.1,MAM,Kakuma Mission HC
RS-06-057,2026-08-23,CHU-01,11.1,MAM,Kanamkemer HC
RS-06-058,2026-08-23,CHU-02,11.4,MAM,Nakwamekwi Disp
RS-06-059,2026-08-23,CHU-03,10.8,SAM,Lodwar SCH
RS-06-060,2026-08-23,CHU-04,11.3,SAM,Kalokol HC
RS-06-061,2026-08-23,CHU-05,11.0,SAM,Lowarengak Disp
RS-06-062,2026-08-23,CHU-06,11.3,MAM,Kerio HC
RS-06-063,2026-08-23,CHU-07,11.1,SAM,Katilu HC
RS-06-064,2026-08-23,CHU-08,11.0,SAM,Lokori HC
RS-06-065,2026-08-23,CHU-09,10.8,MAM,Lokichar HC
RS-06-066,2026-08-23,CHU-10,11.4,MAM,Kainuk Disp
RS-06-067,2026-08-23,CHU-11,11.4,SAM,Lorugum HC
RS-06-068,2026-08-23,CHU-12,11.4,SAM,Napuu Disp
RS-06-069,2026-08-23,CHU-13,11.0,SAM,Lokitaung HC
RS-06-070,2026-08-23,CHU-14,11.1,MAM,Kakuma Mission HC
RS-06-071,2026-08-23,CHU-01,11.3,MAM,Kanamkemer HC
RS-06-072,2026-08-23,CHU-02,11.4,SAM,Nakwamekwi Disp
RS-06-073,2026-08-23,CHU-03,11.1,MAM,Lodwar SCH
RS-06-074,2026-08-23,CHU-04,11.1,MAM,Kalokol HC
RS-06-075,2026-08-23,CHU-05,11.1,MAM,Lowarengak Disp
RS-06-076,2026-08-23,CHU-06,11.1,SAM,Kerio HC
RS-06-077,2026-08-23,CHU-07,11.1,SAM,Katilu HC
RS-06-078,2026-08-23,CHU-08,10.8,MAM,Lokori HC
RS-06-079,2026-08-23,CHU-09,11.4,SAM,Lokichar HC
RS-06-080,2026-08-23,CHU-10,11.4,MAM,Kainuk Disp
RS-06-081,2026-08-23,CHU-11,11.3,MAM,Lorugum HC
RS-06-082,2026-08-23,CHU-12,11.0,MAM,Napuu Disp
RS-06-083,2026-08-23,CHU-13,11.4,MAM,Lokitaung HC
RS-06-084,2026-08-23,CHU-14,11.0,MAM,Kakuma Mission HC
RS-06-085,2026-08-23,CHU-01,11.1,MAM,Kanamkemer HC
RS-06-086,2026-08-23,CHU-02,11.3,SAM,Nakwamekwi Disp
RS-06-087,2026-08-23,CHU-03,11.0,MAM,Lodwar SCH
RS-06-088,2026-08-23,CHU-04,10.8,MAM,Kalokol HC
RS-06-089,2026-08-23,CHU-05,11.4,SAM,Lowarengak Disp
RS-06-090,2026-08-23,CHU-06,11.3,SAM,Kerio HC
RS-06-091,2026-08-23,CHU-07,11.1,SAM,Katilu HC
RS-06-092,2026-08-23,CHU-08,11.1,MAM,Lokori HC
RS-06-093,2026-08-23,CHU-09,11.4,MAM,Lokichar HC
RS-06-094,2026-08-23,CHU-10,11.4,MAM,Kainuk Disp
RS-06-095,2026-08-23,CHU-11,11.3,SAM,Lorugum HC
RS-06-096,2026-08-23,CHU-12,10.8,SAM,Napuu Disp
RS-06-097,2026-08-23,CHU-13,11.0,MAM,Lokitaung HC
RS-06-098,2026-08-23,CHU-14,11.1,MAM,Kakuma Mission HC
RS-06-099,2026-08-23,CHU-01,11.0,MAM,Kanamkemer HC
RS-06-100,2026-08-23,CHU-02,11.0,SAM,Nakwamekwi Disp
RS-06-101,2026-08-23,CHU-03,11.3,MAM,Lodwar SCH
RS-06-102,2026-08-23,CHU-04,10.8,MAM,Kalokol HC
RS-06-103,2026-08-23,CHU-05,11.3,MAM,Lowarengak Disp
RS-06-104,2026-08-23,CHU-06,11.1,MAM,Kerio HC
RS-06-105,2026-08-23,CHU-07,11.1,MAM,Katilu HC
RS-06-106,2026-08-23,CHU-08,10.8,MAM,Lokori HC
RS-06-107,2026-08-23,CHU-09,11.1,SAM,Lokichar HC
RS-06-108,2026-08-23,CHU-10,11.4,MAM,Kainuk Disp
RS-06-109,2026-08-23,CHU-11,11.0,SAM,Lorugum HC
RS-06-110,2026-08-23,CHU-12,11.4,MAM,Napuu Disp
RS-06-111,2026-08-23,CHU-13,11.1,MAM,Lokitaung HC
RS-06-112,2026-08-23,CHU-14,10.8,MAM,Kakuma Mission HC
RS-06-113,2026-08-23,CHU-01,11.4,MAM,Kanamkemer HC
RS-06-114,2026-08-23,CHU-02,11.3,MAM,Nakwamekwi Disp
RS-06-115,2026-08-23,CHU-03,11.0,MAM,Lodwar SCH
RS-06-116,2026-08-23,CHU-04,10.8,SAM,Kalokol HC
RS-06-117,2026-08-23,CHU-05,11.4,MAM,Lowarengak Disp
RS-06-118,2026-08-23,CHU-06,11.0,SAM,Kerio HC
RS-06-119,2026-08-23,CHU-07,11.4,MAM,Katilu HC
RS-06-120,2026-08-23,CHU-08,10.8,SAM,Lokori HC
