facility,month,penta3_under1,girls,boys,source
Kanamkemer HC,August,34,17,17,MOH 710
Nakwamekwi Disp,August,42,21,21,MOH 710
Lodwar SCH,August,32,16,16,MOH 710
Kalokol HC,August,36,18,18,MOH 710
Lowarengak Disp,August,45,22,23,MOH 710
Kerio HC,August,35,18,17,MOH 710
Katilu HC,August,44,22,22,MOH 710
Lokori HC,August,45,22,23,MOH 710
Lokichar HC,August,44,22,22,MOH 710
Kainuk Disp,August,41,20,21,MOH 710
Lorugum HC,August,34,17,17,MOH 710
Napuu Disp,August,44,22,22,MOH 710
Lokitaung HC,August,35,18,17,MOH 710
Kakuma Mission HC,August,29,14,15,MOH 710
